epoch,time,train/box_loss,train/cls_loss,train/dfl_loss,metrics/precision(B),metrics/recall(B),metrics/mAP50(B),metrics/mAP50-95(B),val/box_loss,val/cls_loss,val/dfl_loss,lr/pg0,lr/pg1,lr/pg2
1,64.5389,1.98969,5.12505,1.78048,0.14594,0.36667,0.20246,0.13673,1.58912,11.7131,1.68199,0.000532514,0.000532514,0.000532514
2,118.734,1.86755,2.42247,1.69128,0.04169,0.55,0.03423,0.01435,1.80576,18.4408,2.02724,0.00107741,0.00107741,0.00107741
3,172.869,2.00262,2.30433,1.86044,0.45662,0.6,0.42562,0.16474,1.90055,5.17247,2.15631,0.0016113,0.0016113,0.0016113
4,226.913,2.00163,2.4836,1.84857,0.21103,0.2,0.0773,0.02137,2.94378,9.62257,3.87526,0.00161749,0.00161749,0.00161749
5,281.141,1.97951,1.94278,1.83141,0.00047,0.16667,8e-05,1e-05,3.67722,10418.2,30.8436,0.00160099,0.00160099,0.00160099
6,334.745,1.9546,1.77562,1.78139,0.14266,0.45,0.29846,0.13549,1.94267,32.6604,2.18422,0.00158448,0.00158448,0.00158448
7,388.514,1.77249,1.79913,1.69871,0.00767,0.45,0.0054,0.0024,2.19318,2059.7,2.17741,0.00156798,0.00156798,0.00156798
8,442.205,1.87634,1.67461,1.79065,0.00643,0.43333,0.0045,0.00209,2.13145,95.2047,2.14552,0.00155148,0.00155148,0.00155148
9,496.561,1.77036,1.61161,1.67508,0.54446,0.26667,0.27551,0.10376,2.59385,2.96165,2.27378,0.00153497,0.00153497,0.00153497
10,550.656,1.76773,1.63918,1.6681,0.70757,0.6,0.69588,0.41319,1.55517,1.48812,1.6207,0.00151847,0.00151847,0.00151847
11,604.817,1.77411,1.3763,1.64053,0.67503,0.65784,0.68024,0.36572,1.67956,1.58529,1.76601,0.00150197,0.00150197,0.00150197
12,658.447,1.83624,1.45689,1.63746,0.76252,0.6,0.65414,0.368,1.81826,2.54332,1.85232,0.00148546,0.00148546,0.00148546
13,712.267,1.80316,1.46303,1.61859,0.68359,0.57619,0.5578,0.31247,1.66565,2.1197,1.75973,0.00146896,0.00146896,0.00146896
14,767.059,1.774,1.48131,1.6565,0.47182,0.56667,0.49008,0.29563,1.74359,2.35711,1.80327,0.00145246,0.00145246,0.00145246
15,821.72,1.61241,1.2153,1.5304,0.52171,0.38333,0.41507,0.19824,2.06851,1.85726,2.10499,0.00143595,0.00143595,0.00143595
16,875.963,1.6899,1.31803,1.60579,0.36954,0.23333,0.19814,0.1012,2.60407,3.45271,2.52734,0.00141945,0.00141945,0.00141945
17,929.546,1.74187,1.30385,1.5812,0.67381,0.63333,0.6762,0.33782,1.69044,1.31274,1.67424,0.00140295,0.00140295,0.00140295
18,983.622,1.53446,1.22551,1.47955,0.69576,0.72425,0.71482,0.3837,1.58651,1.56842,1.64119,0.00138644,0.00138644,0.00138644
19,1037.45,1.47535,1.17138,1.44043,0.7485,0.75,0.80695,0.49077,1.44774,1.00056,1.51313,0.00136994,0.00136994,0.00136994
20,1091.13,1.69652,1.33884,1.66915,0.81614,0.7,0.80103,0.45588,1.51054,1.1792,1.5994,0.00135344,0.00135344,0.00135344
21,1144.86,1.61641,1.27597,1.51514,0.78491,0.72989,0.77565,0.44743,1.60722,1.19199,1.63165,0.00133693,0.00133693,0.00133693
22,1198.32,1.60376,1.1028,1.49905,0.83659,0.81667,0.85416,0.48931,1.48342,0.90594,1.52888,0.00132043,0.00132043,0.00132043
23,1251.57,1.5329,1.07342,1.47785,0.76253,0.80281,0.85849,0.49366,1.47443,0.93192,1.54826,0.00130393,0.00130393,0.00130393
24,1304.74,1.51543,1.27235,1.49272,0.78263,0.7,0.82868,0.54847,1.35343,0.95637,1.45874,0.00128742,0.00128742,0.00128742
25,1358.17,1.56377,1.18827,1.51566,0.76323,0.73333,0.81373,0.48985,1.46789,1.08853,1.54691,0.00127092,0.00127092,0.00127092
26,1411.37,1.4671,1.08593,1.4121,0.82722,0.798,0.84738,0.52997,1.39001,0.92457,1.47341,0.00125442,0.00125442,0.00125442
27,1464.68,1.518,1.16181,1.47244,0.79247,0.81667,0.81165,0.50586,1.40055,0.91735,1.47658,0.00123791,0.00123791,0.00123791
28,1517.95,1.50551,1.04145,1.39029,0.8314,0.82191,0.86179,0.5577,1.37706,0.94259,1.49126,0.00122141,0.00122141,0.00122141
29,1571.37,1.49879,1.06292,1.48367,0.84812,0.66667,0.77125,0.51144,1.4555,1.08968,1.51913,0.00120491,0.00120491,0.00120491
30,1624.83,1.44666,1.02421,1.39865,0.7613,0.79737,0.79777,0.51741,1.43957,1.22388,1.48575,0.0011884,0.0011884,0.0011884
31,1678.16,1.47542,1.09203,1.42391,0.82446,0.86667,0.85758,0.54424,1.32988,0.83136,1.43229,0.0011719,0.0011719,0.0011719
32,1731.44,1.42125,0.99927,1.37972,0.77071,0.93333,0.90321,0.56352,1.37812,0.82652,1.45947,0.0011554,0.0011554,0.0011554
33,1784.68,1.45378,0.97036,1.42012,0.8346,0.75697,0.78164,0.48243,1.48028,0.96442,1.57976,0.00113889,0.00113889,0.00113889
34,1837.91,1.43907,0.96596,1.40528,0.72662,0.88602,0.85101,0.52569,1.3126,0.95923,1.40311,0.00112239,0.00112239,0.00112239
35,1891.12,1.43088,1.04491,1.34661,0.86764,0.76481,0.83162,0.53723,1.25975,1.00044,1.37777,0.00110589,0.00110589,0.00110589
36,1944.37,1.35059,1.03561,1.34589,0.77543,0.8,0.85543,0.5122,1.48528,0.93908,1.52725,0.00108938,0.00108938,0.00108938
37,1997.54,1.37409,1.09833,1.39219,0.72806,0.76667,0.79067,0.50622,1.28206,0.96525,1.40423,0.00107288,0.00107288,0.00107288
38,2051.39,1.47139,1.04483,1.46068,0.74084,0.76235,0.79504,0.54996,1.26659,1.003,1.41607,0.00105638,0.00105638,0.00105638
39,2104.62,1.32616,0.95846,1.34347,0.82333,0.81667,0.86546,0.56284,1.27061,0.8638,1.42361,0.00103987,0.00103987,0.00103987
40,2157.81,1.3504,0.90304,1.37093,0.80929,0.8,0.85348,0.5588,1.31446,0.89139,1.43294,0.00102337,0.00102337,0.00102337
41,2211.16,1.34172,0.88255,1.29902,0.80715,0.83714,0.88677,0.58722,1.23484,0.85565,1.38767,0.00100687,0.00100687,0.00100687
42,2264.66,1.30324,0.9119,1.31641,0.82985,0.86667,0.88788,0.57631,1.2896,0.85791,1.42263,0.000990365,0.000990365,0.000990365
43,2318.14,1.40723,0.99552,1.38892,0.83704,0.85613,0.86557,0.54455,1.33698,0.80228,1.42849,0.000973861,0.000973861,0.000973861
44,2371.91,1.24377,0.81838,1.26318,0.69345,0.86715,0.83118,0.53262,1.30287,0.88326,1.42466,0.000957358,0.000957358,0.000957358
45,2425.22,1.38048,0.89794,1.40766,0.76502,0.86821,0.83354,0.55216,1.27419,0.85751,1.40695,0.000940855,0.000940855,0.000940855
46,2478.43,1.3707,0.90849,1.39075,0.81966,0.86667,0.85103,0.53274,1.29685,0.83287,1.41648,0.000924352,0.000924352,0.000924352
47,2531.62,1.33133,0.87916,1.31239,0.73237,0.8,0.80263,0.54811,1.27018,0.85994,1.39031,0.000907848,0.000907848,0.000907848
48,2584.99,1.3291,0.97279,1.34384,0.80638,0.9,0.88699,0.55793,1.30677,0.82895,1.42311,0.000891345,0.000891345,0.000891345
49,2638.49,1.23218,0.88886,1.27687,0.77657,0.88333,0.84937,0.54808,1.34851,0.83799,1.43875,0.000874842,0.000874842,0.000874842
50,2691.72,1.24581,0.85066,1.30548,0.75283,0.91377,0.85797,0.58703,1.2103,0.76807,1.37954,0.000858338,0.000858338,0.000858338
51,2745.09,1.28446,0.87295,1.30024,0.813,0.88333,0.85824,0.56587,1.22263,0.77278,1.36699,0.000841835,0.000841835,0.000841835
52,2798.43,1.29163,0.84286,1.32206,0.8722,0.91005,0.8814,0.58073,1.26319,0.76069,1.38583,0.000825332,0.000825332,0.000825332
53,2851.64,1.24367,0.82764,1.31031,0.77722,0.9,0.83716,0.56899,1.26643,0.74897,1.40411,0.000808828,0.000808828,0.000808828
54,2905.12,1.26855,0.80962,1.30116,0.83444,0.76667,0.80956,0.54136,1.34641,0.85363,1.46687,0.000792325,0.000792325,0.000792325
55,2958.63,1.24143,0.80345,1.25124,0.77891,0.82208,0.80415,0.52017,1.28772,0.79824,1.42252,0.000775822,0.000775822,0.000775822
56,3011.74,1.2376,0.82657,1.27127,0.81179,0.85,0.83169,0.55581,1.22608,0.79028,1.37285,0.000759318,0.000759318,0.000759318
57,3065.12,1.2693,0.83345,1.31737,0.81118,0.85929,0.8094,0.5371,1.27364,0.80248,1.41517,0.000742815,0.000742815,0.000742815
58,3118.78,1.24429,0.77384,1.28661,0.78854,0.93228,0.87212,0.57879,1.26195,0.71914,1.3772,0.000726312,0.000726312,0.000726312
59,3172.11,1.23507,0.79597,1.27471,0.80539,0.83333,0.85687,0.56785,1.30492,0.74083,1.41332,0.000709809,0.000709809,0.000709809
60,3225.36,1.2216,0.7788,1.26368,0.83745,0.85,0.88558,0.55709,1.27928,0.82055,1.37034,0.000693305,0.000693305,0.000693305
61,3278.56,1.1971,0.74872,1.25389,0.85418,0.83333,0.85347,0.54444,1.30972,0.85305,1.40893,0.000676802,0.000676802,0.000676802
62,3331.69,1.25383,0.76428,1.29496,0.83945,0.85,0.86646,0.54443,1.30529,0.75115,1.41852,0.000660299,0.000660299,0.000660299
63,3385.04,1.20007,0.84898,1.29336,0.79485,0.83955,0.82967,0.56053,1.23567,0.76317,1.37712,0.000643795,0.000643795,0.000643795
64,3438.06,1.20785,0.88333,1.29037,0.75249,0.91667,0.83043,0.58397,1.17929,0.7184,1.35643,0.000627292,0.000627292,0.000627292
65,3491.51,1.13088,0.72428,1.24407,0.77443,0.9,0.82716,0.55701,1.25786,0.80017,1.36708,0.000610789,0.000610789,0.000610789
66,3544.74,1.24098,0.7721,1.30124,0.79647,0.9,0.84506,0.57532,1.18544,0.79123,1.31701,0.000594286,0.000594286,0.000594286
67,3598.17,1.14202,0.73403,1.25403,0.72931,0.85323,0.83093,0.56823,1.22858,0.79577,1.37208,0.000577782,0.000577782,0.000577782
68,3651.52,1.13041,0.69319,1.21956,0.81935,0.9,0.84447,0.58314,1.15853,0.72303,1.37142,0.000561279,0.000561279,0.000561279
69,3704.85,1.14038,0.7029,1.21166,0.78242,0.9,0.8233,0.55826,1.20605,0.76659,1.37381,0.000544776,0.000544776,0.000544776
70,3758.05,1.14956,0.71788,1.21195,0.81781,0.86667,0.83038,0.54605,1.3296,0.79195,1.4288,0.000528272,0.000528272,0.000528272
71,3811.51,1.16548,0.71303,1.20795,0.80978,0.85144,0.84482,0.55082,1.2731,0.78241,1.39803,0.000511769,0.000511769,0.000511769
72,3864.83,1.16271,0.71248,1.24926,0.85948,0.8,0.85746,0.58363,1.18522,0.75358,1.31425,0.000495266,0.000495266,0.000495266
73,3918.03,1.1616,0.76745,1.26388,0.81246,0.88333,0.87345,0.55011,1.28916,0.77266,1.37837,0.000478762,0.000478762,0.000478762
74,3972.55,1.11638,0.77917,1.21883,0.80899,0.91767,0.88371,0.56727,1.2195,0.73351,1.32367,0.000462259,0.000462259,0.000462259
75,4026.45,1.09907,0.71349,1.20104,0.86167,0.9,0.87934,0.59766,1.16284,0.7155,1.29965,0.000445756,0.000445756,0.000445756
76,4080.61,1.10992,0.67036,1.24572,0.84214,0.88916,0.8757,0.57945,1.24332,0.747,1.35599,0.000429253,0.000429253,0.000429253
77,4134.88,1.11635,0.70587,1.22289,0.86518,0.91667,0.87578,0.56457,1.24495,0.74349,1.37142,0.000412749,0.000412749,0.000412749
78,4188.65,1.10608,0.73566,1.20498,0.80652,0.9032,0.85553,0.56708,1.16763,0.7308,1.30244,0.000396246,0.000396246,0.000396246
79,4243.02,1.12507,0.71648,1.22968,0.81973,0.90948,0.85574,0.55834,1.15813,0.7567,1.30026,0.000379743,0.000379743,0.000379743
80,4296.71,1.10569,0.68481,1.19409,0.83316,0.91552,0.87417,0.56497,1.20515,0.74164,1.35427,0.000363239,0.000363239,0.000363239
81,4350.52,1.04511,0.69523,1.18819,0.81681,0.95,0.89664,0.60093,1.21345,0.69725,1.34765,0.000346736,0.000346736,0.000346736
82,4404.4,1.09856,0.64313,1.18576,0.83023,0.91667,0.87743,0.58018,1.24633,0.72749,1.39279,0.000330233,0.000330233,0.000330233
83,4458.63,1.01511,0.66514,1.15705,0.84352,0.88333,0.88565,0.58401,1.22679,0.74691,1.3704,0.000313729,0.000313729,0.000313729
84,4512.09,1.06895,0.67219,1.1806,0.83084,0.85,0.86301,0.56862,1.19305,0.72265,1.33966,0.000297226,0.000297226,0.000297226
85,4566,1.03463,0.65795,1.18447,0.82168,0.84482,0.85705,0.57407,1.18708,0.76076,1.34184,0.000280723,0.000280723,0.000280723
86,4619.6,1.03856,0.6541,1.15073,0.79779,0.85488,0.85938,0.57668,1.23133,0.75331,1.36564,0.00026422,0.00026422,0.00026422
87,4673.1,1.04492,0.67869,1.195,0.79485,0.86667,0.85417,0.57462,1.21622,0.74301,1.36852,0.000247716,0.000247716,0.000247716
88,4727.15,1.02617,0.63783,1.16285,0.84952,0.85,0.85116,0.5793,1.18245,0.70834,1.37096,0.000231213,0.000231213,0.000231213
89,4790.66,0.97642,0.58284,1.12468,0.85733,0.86667,0.88125,0.60724,1.14525,0.67663,1.32922,0.00021471,0.00021471,0.00021471
90,4858.88,0.98513,0.59439,1.14529,0.86704,0.88333,0.89785,0.58908,1.17287,0.70148,1.32437,0.000198206,0.000198206,0.000198206
91,4933.5,1.01307,0.59348,1.20579,0.86089,0.8252,0.87785,0.58303,1.20733,0.69247,1.34503,0.000181703,0.000181703,0.000181703
92,5008.51,0.95203,0.55633,1.17653,0.85584,0.81667,0.86878,0.59858,1.20034,0.68728,1.35148,0.0001652,0.0001652,0.0001652
93,5081.48,0.96758,0.57696,1.18894,0.86046,0.82226,0.87316,0.59032,1.18247,0.69355,1.34721,0.000148696,0.000148696,0.000148696
94,5154.55,0.96424,0.56825,1.19242,0.80804,0.91206,0.87722,0.59362,1.16694,0.70417,1.32841,0.000132193,0.000132193,0.000132193
95,5228.36,0.99446,0.57761,1.18319,0.8106,0.92733,0.879,0.5943,1.16556,0.69585,1.31478,0.00011569,0.00011569,0.00011569
96,5317.45,0.89892,0.55116,1.11764,0.82002,0.91667,0.88112,0.59199,1.18042,0.69736,1.32679,9.91865e-05,9.91865e-05,9.91865e-05
97,5369.99,0.91155,0.5668,1.17386,0.84686,0.9,0.88243,0.5939,1.17028,0.6899,1.31856,8.26832e-05,8.26832e-05,8.26832e-05
98,5422.79,0.9217,0.56846,1.15875,0.84784,0.9,0.88228,0.59471,1.18523,0.67518,1.33182,6.61799e-05,6.61799e-05,6.61799e-05
99,5475.59,0.95344,0.53856,1.19826,0.85576,0.9,0.88232,0.59624,1.18744,0.66833,1.33532,4.96766e-05,4.96766e-05,4.96766e-05
100,5528.41,0.9175,0.53693,1.13772,0.85838,0.90922,0.88317,0.60234,1.17612,0.66281,1.32207,3.31733e-05,3.31733e-05,3.31733e-05
